id,src,tgt
0,"galatasaray , deplasman da devirdiği fransız rakibi nantes önün de oyunu riske etmedi .","galatasaray , deplasmanda devirdiği fransız rakibi nantes önünde oyunu riske etmedi ."
1,lazionun galibiyeti ile ekibimiz grubun da liderliğe yükseldi,lazionun galibiyeti ile ekibimiz grubunda liderliğe yükseldi
2,"abd , türkiyeye destek için ekonomik paket üzerin de çalışıyor .","abd , türkiyeye destek için ekonomik paket üzerinde çalışıyor ."
3,otomotivde ki son durumu otokoç otomotiv genel müdürü özetledi,otomotivdeki son durumu otokoç otomotiv genel müdürü özetledi
4,"cennet vaadiyle kıyam çağrılarınıda reddetmeliyiz , cehennem seferberliğini reddettiğimiz gibi ...","cennet vaadiyle kıyam çağrılarını da reddetmeliyiz , cehennem seferberliğini reddettiğimiz gibi ..."
5,fenerbahçe kadıköy de üst üste 23. galibiyetini antalyaspor karşısın da 3 2 ile aldı .,fenerbahçe kadıköyde üst üste 23. galibiyetini antalyaspor karşısında 3 2 ile aldı .
6,"nbc ve senatoya gönderilen şarbonlu mektuplarda ki yazıları inceleyen adli̇ uzmanlar , suçlunun profilini çıkardı","nbc ve senatoya gönderilen şarbonlu mektuplardaki yazıları inceleyen adli̇ uzmanlar , suçlunun profilini çıkardı"
7,"amerikayı , erkek asker ve depresyon da","amerikayı , erkek asker ve depresyonda"
8,"derbiler de kimin şansı tutuyor , i̇nönü kime daha çok yarıyor ?","derbilerde kimin şansı tutuyor , i̇nönü kime daha çok yarıyor ?"
9,"aşkın nur yengi , aşk ilişkisin de yaşadığı tatsız olaylar yüzünden 4 5 kilo verdiğini söylüyor","aşkın nur yengi , aşk ilişkisinde yaşadığı tatsız olaylar yüzünden 4 5 kilo verdiğini söylüyor"
10,tbmm de son durum !,tbmmde son durum !
11,dspde ki istifa depremi ile tbmm de partilerin sandalye dağılımı her saat değişiyor .,dspdeki istifa depremi ile tbmmde partilerin sandalye dağılımı her saat değişiyor .
12,i̇şte tbmmde ki son durum ...,i̇şte tbmmdeki son durum ...
13,türkiye de yaşanan siyasi gelişmeler dünya basını tarafındanda ilgiyle izleniyor .,türkiyede yaşanan siyasi gelişmeler dünya basını tarafından da ilgiyle izleniyor .
14,bugün yayınlanan gazeteler dede çeşitli haber ve yorumlar çıktı .,bugün yayınlanan gazetelerde de çeşitli haber ve yorumlar çıktı .
15,brezilyalı süper star conceiçaonun hafta için de i̇stanbul ’ a gelerek imza atacağı belirtiliyor ...,brezilyalı süper star conceiçaonun hafta içinde i̇stanbul’a gelerek imza atacağı belirtiliyor ...
16,"i̇smail cem , bugün gazetecilerle meclis de konuştu .","i̇smail cem , bugün gazetecilerle mecliste konuştu ."
17,seçimlerden birinci parti olarak çıkan dspde ki erime bugünde devam etti .,seçimlerden birinci parti olarak çıkan dspdeki erime bugün de devam etti .
18,"bugün gelen iki istifadan sonra dspnin tbmmde ki koltuk sayısı 82ye düştü , anapla fark azaldı","bugün gelen iki istifadan sonra dspnin tbmmdeki koltuk sayısı 82ye düştü , anapla fark azaldı"
19,ve hastane de yaşamını yitirdi ...,ve hastanede yaşamını yitirdi ...
20,kel kalsamda kendimi beğeniyorum,kel kalsam da kendimi beğeniyorum
21,"i̇smi vanja rupona , 24 yaşın da ...","i̇smi vanja rupona , 24 yaşında ..."
22,türkiye de siyaset kemal dervişin vereceği karara göre belirlenecek .,türkiyede siyaset kemal dervişin vereceği karara göre belirlenecek .
23,türkiyenin birbirinden önemli günlük sorunları arasın da rahşan ecevit şebinkarahisarın il yapılması için uğraşıyor .,türkiyenin birbirinden önemli günlük sorunları arasında rahşan ecevit şebinkarahisarın il yapılması için uğraşıyor .
24,kudüste ki yahudi üniversitesin de öğle saatlerin de yeni bir bombalı intihar eylemi gerçekleşti .,kudüsteki yahudi üniversitesinde öğle saatlerinde yeni bir bombalı intihar eylemi gerçekleşti .
25,"saldırı da en az 7 kişi öldü , 9u ağır 50yi aşkın yaralı var ...","saldırıda en az 7 kişi öldü , 9u ağır 50yi aşkın yaralı var ..."
26,süper benzin üretiminede 2012 yılın da son verilerek sadece tek tip kurşunsuz üretilecek,süper benzin üretimine de 2012 yılında son verilerek sadece tek tip kurşunsuz üretilecek
27,özel yaşamıda sorunlu .,özel yaşamı da sorunlu .
28,amerika da kurtarıldıktan sonra ikinci kez kıyıya vuran pilot balinalara ötanazi uygulandı .,amerikada kurtarıldıktan sonra ikinci kez kıyıya vuran pilot balinalara ötanazi uygulandı .
29,başlıkta ki soru the guardian gazetesini ait .,başlıktaki soru the guardian gazetesini ait .
30,tam 73 yaşın da .,tam 73 yaşında .
31,hava sıcaklığı gün için de gölge de 40 dereceyi çok geriler de bırakıyor .,hava sıcaklığı gün içinde gölgede 40 dereceyi çok gerilerde bırakıyor .
32,sizde eğer antalyaya tatile gitmeyi düşünüyorsanız müthiş sıcağa hazırlıklı olun ...,siz de eğer antalyaya tatile gitmeyi düşünüyorsanız müthiş sıcağa hazırlıklı olun ...
33,transfer de son durum ...,transferde son durum ...
34,"yazarımız mehmet ali birand , kürtçe eğitim istemli dilekçeler karşısın da türkiyenin tuzağa düştüğünü söylüyor .","yazarımız mehmet ali birand , kürtçe eğitim istemli dilekçeler karşısında türkiyenin tuzağa düştüğünü söylüyor ."
35,balıkesir de tecavüz edilip öldürülen liseli kızın babası ateş püskürüyor,balıkesirde tecavüz edilip öldürülen liseli kızın babası ateş püskürüyor
36,"bu , çin de eşcinseller için ilk kez yayımlanan derginin adı ...","bu , çinde eşcinseller için ilk kez yayımlanan derginin adı ..."
37,derginin yayın hayatına başlaması çin de yeni bir döneme işaret ediyor .,derginin yayın hayatına başlaması çinde yeni bir döneme işaret ediyor .
38,derginin için de neler var ?,derginin içinde neler var ?
39,amerika da tüketiciyi yeterince uyarmayan firmalar için tazminat davaları açılınca garip etiketler ortaya çıktı ...,amerikada tüketiciyi yeterince uyarmayan firmalar için tazminat davaları açılınca garip etiketler ortaya çıktı ...
40,dokular da yaşlılığı hızlandıran bir protein ortaya çıkarıldı .,dokularda yaşlılığı hızlandıran bir protein ortaya çıkarıldı .
41,şimdi araştırmalar bu protein üzerin de yoğunlaştırıldı .,şimdi araştırmalar bu protein üzerinde yoğunlaştırıldı .
42,sinemalar da oynayan tüm filmlerin değerlendirmesi ve seanslar için tıklayın ...,sinemalarda oynayan tüm filmlerin değerlendirmesi ve seanslar için tıklayın ...
43,"tüsi̇ad başkanı tuncay özilhan , bugün yaptığı konuşma da yine siyasete yüklendi ve yolsuzluklardan yakındı","tüsi̇ad başkanı tuncay özilhan , bugün yaptığı konuşmada yine siyasete yüklendi ve yolsuzluklardan yakındı"
44,sorumlulardan biride türkiyede ki kriz ...,sorumlulardan biri de türkiyedeki kriz ...
45,seda kayanında rol alacağı dizinin senaryosunu gani müjde yazıyor ...,seda kayanın da rol alacağı dizinin senaryosunu gani müjde yazıyor ...
46,kaç şiddetinde ki deprem evimizi nasıl sallar ?,kaç şiddetindeki deprem evimizi nasıl sallar ?
47,abd de kaçak olarak yaşayan çok sayı da türk olduğu belirtiliyor,abdde kaçak olarak yaşayan çok sayıda türk olduğu belirtiliyor
48,i̇nterpol tarafından kırmızı bültenle aranan orhan aslıtürk miami havaalanın da fbi tarafından gözaltın da alındı .,i̇nterpol tarafından kırmızı bültenle aranan orhan aslıtürk miami havaalanında fbi tarafından gözaltında alındı .
49,amerikan finans çevrelerinin gazetesi wall street journal da türk modeli başlıklı önemli bir yorum yeraldı .,amerikan finans çevrelerinin gazetesi wall street journalda türk modeli başlıklı önemli bir yorum yeraldı .
50,bura da çalışan bir kişi gün de en az 20 30 müşteri alıyor,burada çalışan bir kişi günde en az 20 30 müşteri alıyor
51,"belçika güzellik komitesi , van esenin tavır değiştirmediği takdir de unvanını kaybedeceğini açıklamıştı","belçika güzellik komitesi , van esenin tavır değiştirmediği takdirde unvanını kaybedeceğini açıklamıştı"
52,"pratt , olay yerine gelen polislerede saldırdı !","pratt , olay yerine gelen polislere de saldırdı !"
53,"büyüme oranı yüz de 5 , bütçe açığı ise 46,8 katrilyon lira olarak hedeflendi","büyüme oranı yüzde 5 , bütçe açığı ise 46,8 katrilyon lira olarak hedeflendi"
54,"tugay , hakan , tayfur , ergün ve arif sırada ki isimler","tugay , hakan , tayfur , ergün ve arif sıradaki isimler"
55,son dönem de yaşanan kavgalar psikolojik sorunlardan kaynaklanıyor .,son dönemde yaşanan kavgalar psikolojik sorunlardan kaynaklanıyor .
56,"i̇zmir atatürk statındı oynanan maç da göztepe , galatasarayı liderlikten etti .","i̇zmir atatürk statındı oynanan maçta göztepe , galatasarayı liderlikten etti ."
57,peki yinede risk var mı ?,peki yine de risk var mı ?
58,hava sıcaklıkları mevsim normallerinin üzerin de seyretmeye devam edecek,hava sıcaklıkları mevsim normallerinin üzerinde seyretmeye devam edecek
59,yılbaşın da tedavüle giren 10 euro’luk banknotlar da sağlığa zararlı oran da kalay bulundu .,yılbaşında tedavüle giren 10 euro’luk banknotlarda sağlığa zararlı oranda kalay bulundu .
60,"fenerbahçeyi ünlü futbolcu uchenin kartal dragosta ki evi , kimliği belirlenemeyen kişi veya kişilerce soyuldu .","fenerbahçeyi ünlü futbolcu uchenin kartal dragostaki evi , kimliği belirlenemeyen kişi veya kişilerce soyuldu ."
61,uyanıklıkda yetmedi !,uyanıklık da yetmedi !
62,cem uzan seçim dönemin de müthiş bir kampanya yürüttü .,cem uzan seçim döneminde müthiş bir kampanya yürüttü .
63,galatasaray da zor günler yaşanıyor .,galatasarayda zor günler yaşanıyor .
64,rum basınıda ziyarete geniş yer ayırıyor ...,rum basını da ziyarete geniş yer ayırıyor ...
65,"kocası ile kavga edince sinirlenip dışarı çıktı , kapının önünde ki otomobilini ateşe verdi .","kocası ile kavga edince sinirlenip dışarı çıktı , kapının önündeki otomobilini ateşe verdi ."
66,"galatasaray başkanı canaydının , maç da golleri alkışlaması ve aziz yıldırımı tebrik etmesi tartışılıyor .","galatasaray başkanı canaydının , maçta golleri alkışlaması ve aziz yıldırımı tebrik etmesi tartışılıyor ."
67,dünya da son yıllar da yaygınlaşan bir turizm türü türkiye dede denenecek .,dünyada son yıllarda yaygınlaşan bir turizm türü türkiyede de denenecek .
68,budapeşteye düzenlenen tura yaşları 25 ile 40 arasında ki 15 kadın ve 15 erkek katılabilecek .,budapeşteye düzenlenen tura yaşları 25 ile 40 arasındaki 15 kadın ve 15 erkek katılabilecek .
69,"özel tura katılanlar , beş yıldızlı bir otel de iki kişilik oda da tek başlarına kalacak .","özel tura katılanlar , beş yıldızlı bir otelde iki kişilik odada tek başlarına kalacak ."
70,çadırlar anadolu ve asya yakasında ki iki ayrı depo da saklanacak ...,çadırlar anadolu ve asya yakasındaki iki ayrı depoda saklanacak ...
71,helikopter de bulunan askerlerin hepsinin öldüğü belirtiliyor,helikopterde bulunan askerlerin hepsinin öldüğü belirtiliyor
72,"milano derbisin de milan , i̇nter karşısın da sahadan 1 0 mağlup ayrıldı .","milano derbisinde milan , i̇nter karşısında sahadan 1 0 mağlup ayrıldı ."
73,milano da bulunan fatih terimde eski takımının maçını tribünden seyretti,milanoda bulunan fatih terim de eski takımının maçını tribünden seyretti
74,i̇kiside takımlarını sırtlıyor .,i̇kisi de takımlarını sırtlıyor .
75,hava sıcaklıkları önümüzde ki günlerden itibaren 20 derecenin üzerine çıkacak ...,hava sıcaklıkları önümüzdeki günlerden itibaren 20 derecenin üzerine çıkacak ...
76,bir eylem planıda hazırladılar .,bir eylem planı da hazırladılar .
77,haftasonu lig de galatasaray ile beşiktaş derbisi var .,haftasonu ligde galatasaray ile beşiktaş derbisi var .
78,yeşil sahadan önce borsada ki kapışma dikkat çekti .,yeşil sahadan önce borsadaki kapışma dikkat çekti .
79,i̇ki kulübün hisseside bugün dibe vurdu,i̇ki kulübün hissesi de bugün dibe vurdu
80,henüz 36 yaşın da bir türk yönetmen .,henüz 36 yaşında bir türk yönetmen .
81,kendisini hollywood da buldu .,kendisini hollywoodda buldu .
82,i̇kiside iniş de !,i̇kisi de inişte !
83,yaş toplantısın da alınan kararlar cumhurbaşkanı sezer tarafından onaylandı .,yaş toplantısında alınan kararlar cumhurbaşkanı sezer tarafından onaylandı .
84,kara kuvvetleri komutanlığınca ise sürpriz bir şekil de jandarma genel komutanı org yalman atandı .,kara kuvvetleri komutanlığınca ise sürpriz bir şekilde jandarma genel komutanı org yalman atandı .
85,bir süredir yüzleri güldüren enflasyonun temmuz da yükselme eğilimine girdiği görüldü .,bir süredir yüzleri güldüren enflasyonun temmuzda yükselme eğilimine girdiği görüldü .
86,ancak takımda ki sakatlar hızla iyileşiyor .,ancak takımdaki sakatlar hızla iyileşiyor .
87,uyum paketi görüşmelerini brükselde merakla bekledi .,uyum paketi görüşmelerini brüksel de merakla bekledi .
88,tansu çiller partisinin seçim kampanyasın da kullanacağı marş için söz yazdı .,tansu çiller partisinin seçim kampanyasında kullanacağı marş için söz yazdı .
89,derviş’e bazı şirketleri kurtarması için baskı yapan milletvekillerinin isimleri özel kallem’in de kayıtlı ...,derviş’e bazı şirketleri kurtarması için baskı yapan milletvekillerinin isimleri özel kallem’inde kayıtlı ...
90,"toplumun tüm katmanların da etkisi hissedilen ekonomik kriz , sanat dünyasınıda etkiliyor .","toplumun tüm katmanlarında etkisi hissedilen ekonomik kriz , sanat dünyasını da etkiliyor ."
91,bu durumdan en çok etkilenenlerden biride ünlü popçu çelik oldu ...,bu durumdan en çok etkilenenlerden biri de ünlü popçu çelik oldu ...
92,"beşiktaş , rize karşısın da öldü öldü dirildi .","beşiktaş , rize karşısında öldü öldü dirildi ."
93,i̇nönü ’de yine fevzi dramı yaşandı ...,i̇nönü’de yine fevzi dramı yaşandı ...
94,varyag kontrol altın da !,varyag kontrol altında !
95,"sürüklenen varyag , atılan ikinci halatında römorköre bağlanması sonucu kontrol altına alındı .","sürüklenen varyag , atılan ikinci halatın da römorköre bağlanması sonucu kontrol altına alındı ."
96,birde iyi haber !,bir de iyi haber !
97,şemsiyelerinizi ev de bırakmayın ...,şemsiyelerinizi evde bırakmayın ...
98,bugünden geçerli olmak üzere akaryakıt ürünlerinin i̇stanbulun avrupa yabasın da yeni perakende satış fiyatları için ...,bugünden geçerli olmak üzere akaryakıt ürünlerinin i̇stanbulun avrupa yabasında yeni perakende satış fiyatları için ...
99,i̇kiside gençti .,i̇kisi de gençti .
100,geri de bir cep mesajı kaldı ...,geride bir cep mesajı kaldı ...
101,maç da terim sinirliydi ...,maçta terim sinirliydi ...
102,türkiyenin afganistana asker gönderme kararı i̇ngiliz basının dada geniş yer buldu .,türkiyenin afganistana asker gönderme kararı i̇ngiliz basınında da geniş yer buldu .
103,afganistan da bugün cuma hutbesin de imamlar türkiyenin asker gönderme kararına olan kızgınlarını dile getirdi .,afganistanda bugün cuma hutbesinde imamlar türkiyenin asker gönderme kararına olan kızgınlarını dile getirdi .
104,"20 milyon liralık banknot , 76x162 milimetre boyutun da ve yeşil renkli ...","20 milyon liralık banknot , 76x162 milimetre boyutunda ve yeşil renkli ..."
105,dünya hala frankfurt otomobil fuarın da sergilenen rüya otomobilleri konuşuyor .,dünya hala frankfurt otomobil fuarında sergilenen rüya otomobilleri konuşuyor .
106,çikolata giysi iyide,çikolata giysi iyi de
107,ah birde erimese ...,ah bir de erimese ...
108,"modanın kalbinin attığı parisde , çikolatadan elbise ve bikiniler göz kamaştırdı .","modanın kalbinin attığı paris’te , çikolatadan elbise ve bikiniler göz kamaştırdı ."
109,türkiyenin doğal yapısı içerisin de başörtüsü yabancı bir unsur değildir .,türkiyenin doğal yapısı içerisinde başörtüsü yabancı bir unsur değildir .
110,minik gözlerde ki korku !,minik gözlerdeki korku !
111,bugünde çıkan yangın da iki prefabrik konut tamamen yandı .,bugün de çıkan yangında iki prefabrik konut tamamen yandı .
112,şeker bayramı yaklaşırken evlerde ki telaşda arttı .,şeker bayramı yaklaşırken evlerdeki telaş da arttı .
113,ancak mehmet televizyonda ki maçlara ilgi gösteriyordu .,ancak mehmet televizyondaki maçlara ilgi gösteriyordu .
114,ayasofya 15 yüzyıl boyunca şiddetli depremlere karşın hala dimdik ayak da .,ayasofya 15 yüzyıl boyunca şiddetli depremlere karşın hala dimdik ayakta .
115,"almanyanın ön de gelen gazeteleri , türkiyede ki siyasal gelişmeleri yakından izliyor .","almanyanın önde gelen gazeteleri , türkiyedeki siyasal gelişmeleri yakından izliyor ."
116,modanın öncüleride milletvekilleri ...,modanın öncüleri de milletvekilleri ...
117,"taksim meydanın da , sütaş adlı restoranın çatısın da çıkan yangın heyecan yarattı .","taksim meydanında , sütaş adlı restoranın çatısında çıkan yangın heyecan yarattı ."
118,sonun da itiraf etti !,sonunda itiraf etti !
119,son duruşma da itiraf etti,son duruşmada itiraf etti
120,yöneticide tuttu icraya verdi .,yönetici de tuttu icraya verdi .
121,"ve sonuç da silahlar patladı , bir ölü ...","ve sonuçta silahlar patladı , bir ölü ..."
122,varşova da yapılan halter şampiyonasınca kadınların amansız mücadelesi ilgiyle izlendi .,varşovada yapılan halter şampiyonasınca kadınların amansız mücadelesi ilgiyle izlendi .
123,ülkemiz de tanınmayan ancak dünya da geniş izleyici kitlesi olan sporlardan biride kriket .,ülkemizde tanınmayan ancak dünyada geniş izleyici kitlesi olan sporlardan biri de kriket .
124,hafta sonun da oynanan maçlardan ilginç fotoğraflar ...,hafta sonunda oynanan maçlardan ilginç fotoğraflar ...
125,abd de türk bayramı !,abdde türk bayramı !
126,"galatasaray , kendi evin de oynadığı maç da trabzonsporu üç golle devirdi .","galatasaray , kendi evinde oynadığı maçta trabzonsporu üç golle devirdi ."
127,lig de yenilmezliğini sürdürürken liderliğini korudu .,ligde yenilmezliğini sürdürürken liderliğini korudu .
128,"kanarya , malatyaspor deplasmanın da abdullah ve anderssonun golleriyle galip geldi","kanarya , malatyaspor deplasmanında abdullah ve anderssonun golleriyle galip geldi"
129,i̇stanbul ’da bir garip yapı .,i̇stanbul’da bir garip yapı .
130,"i̇ki köşesinde ki minaresi , altında ki cami ve başörtülü öğrencileri ...","i̇ki köşesindeki minaresi , altındaki cami ve başörtülü öğrencileri ..."
131,00 de yeniden 1 saat geri alacağız ...,00de yeniden 1 saat geri alacağız ...
132,"antalya rus , alman ve i̇sraili turistlerden sonra şimdide i̇ranla konuklarını ağırlamaya başladı .","antalya rus , alman ve i̇sraili turistlerden sonra şimdi de i̇ranla konuklarını ağırlamaya başladı ."
133,oran da kapanan kadınlar türkiye de rahat ettiklerini söylüyorlar,oranda kapanan kadınlar türkiyede rahat ettiklerini söylüyorlar
134,bilim adamlarıda şaşırdı !,bilim adamları da şaşırdı !
135,kemer de konser verecek olan tarkanın kalacağı o da yeniden düzenlendi .,kemerde konser verecek olan tarkanın kalacağı oda yeniden düzenlendi .
136,okul yılların da arkadaşlık ettiği gencin tecavüzüne uğramıştı .,okul yıllarında arkadaşlık ettiği gencin tecavüzüne uğramıştı .
137,ancak evlendikten sonrada takibinden kurtulamadı .,ancak evlendikten sonra da takibinden kurtulamadı .
138,i̇ki erkekde ondan vazgeçmiyordu .,i̇ki erkek de ondan vazgeçmiyordu .
139,şimdi ikisininde 30 yıl hapsi isteniyor,şimdi ikisinin de 30 yıl hapsi isteniyor
140,cinayet de sis perdesi !,cinayette sis perdesi !
141,i̇talyan çevre uzmanları akdeniz de su sıcaklığının son 3000 yılın en yüksek seviyesine ulaştığını açıkladı .,i̇talyan çevre uzmanları akdenizde su sıcaklığının son 3000 yılın en yüksek seviyesine ulaştığını açıkladı .
142,samsun da 14 yaşında ki h .,samsunda 14 yaşındaki h .
143,denizlinin buldan ilçesin de bu sabaha karşı 4 büyüklüğün de bir deprem meydana geldi .,denizlinin buldan ilçesinde bu sabaha karşı 4 büyüklüğünde bir deprem meydana geldi .
144,deprem denizli ve çevresin de korku yarattı,deprem denizli ve çevresinde korku yarattı
145,bursasporun gol kralı yıldızı geceyarısı operasyonuyla ikna edilerek kulübün de kaldı .,bursasporun gol kralı yıldızı geceyarısı operasyonuyla ikna edilerek kulübünde kaldı .
146,ancak önümüzde ki günler de sıcaklar dahada dayanılmaz olacak .,ancak önümüzdeki günlerde sıcaklar daha da dayanılmaz olacak .
147,kıyılar da bu yılda güneşlenen turistlerin meraklı izleyicileri eksik olmuyor .,kıyılarda bu yıl da güneşlenen turistlerin meraklı izleyicileri eksik olmuyor .
148,pota da 6 takım avrupa da,potada 6 takım avrupada
149,döviz cephesin dede hareketli saatler yaşandı ...,döviz cephesinde de hareketli saatler yaşandı ...
150,çillerde çekiliyor !,çiller de çekiliyor !
151,3 kasım seçim sonuçları siyaset de deprem yarattı .,3 kasım seçim sonuçları siyasette deprem yarattı .
152,"özel kalem müdürü , millerin depresyona girdiği ve iğneyle uyutulduğu yolunda ki söylentileri yalanladı ...","özel kalem müdürü , millerin depresyona girdiği ve iğneyle uyutulduğu yolundaki söylentileri yalanladı ..."
153,seçimler yunan ve rum gazetelerin dede geniş yer buldu .,seçimler yunan ve rum gazetelerinde de geniş yer buldu .
154,chpde seçimden umduğunu bulamadı .,chp de seçimden umduğunu bulamadı .
155,tek başına iktidar iddiası ile yola çıkıp tek başına muhalefet de kaldı .,tek başına iktidar iddiası ile yola çıkıp tek başına muhalefette kaldı .
156,kararı yskde onayladı ...,kararı ysk de onayladı ...
157,türkiyede ki seçimler dünya dada büyük bir ilgiyle izleniyor .,türkiyedeki seçimler dünyada da büyük bir ilgiyle izleniyor .
158,tayyip erdoğanın demeçleri yabancı basın da geniş yer buluyor .,tayyip erdoğanın demeçleri yabancı basında geniş yer buluyor .
159,dervişde buruk !,derviş de buruk !
160,demokrasi kurallar için de bir yarışma rejimidir .,demokrasi kurallar içinde bir yarışma rejimidir .
161,chp de muhalefet görevini yapacağız .,chpde muhalefet görevini yapacağız .
162,i̇lk kez bir seçimler de parlamentonun yüz de 90ı yenilenmiş oldu .,i̇lk kez bir seçimlerde parlamentonun yüzde 90ı yenilenmiş oldu .
163,altı eski başbakan meclis dışın da ...,altı eski başbakan meclis dışında ...
164,oda şaşırdı !,o da şaşırdı !
165,seçim öncesin de ittifak arayışları sonuçlanmayınca dypye katıldı .,seçim öncesinde ittifak arayışları sonuçlanmayınca dypye katıldı .
166,huysuz virjin defilenin bitimin de peruğunu çıkartıp seyircilere fırlattı ...,huysuz virjin defilenin bitiminde peruğunu çıkartıp seyircilere fırlattı ...
167,beşiktaşı ahmet dursun gece hayatın dada hızlı deparlar atıyor ...,beşiktaşı ahmet dursun gece hayatında da hızlı deparlar atıyor ...
168,1 ay için de siyasi yasak kalkacak ...,1 ay içinde siyasi yasak kalkacak ...
169,"okan , 90. dakika da attığı bu golle 2 1 yenik durumunda ki takımını rahatlattı .","okan , 90. dakikada attığı bu golle 2 1 yenik durumundaki takımını rahatlattı ."
170,"meclis içtüzük değişikliği , geçici bütçe ilk sıra da yeralanlar ...","meclis içtüzük değişikliği , geçici bütçe ilk sırada yeralanlar ..."
171,"galatasaray , fenerbahçe’nin 24 maçlık rekorunu , 25. zafer haftası ile geri de bıraktı ...","galatasaray , fenerbahçe’nin 24 maçlık rekorunu , 25. zafer haftası ile geride bıraktı ..."
172,"galatasaray trabzonspor karşılaşması , hatırlardan çıkmayacak şekil de kıran kırana bir maç oldu .","galatasaray trabzonspor karşılaşması , hatırlardan çıkmayacak şekilde kıran kırana bir maç oldu ."
173,formula 1 için büyük yarış bu akşam saatlerin de sona erdi .,formula 1 için büyük yarış bu akşam saatlerinde sona erdi .
174,"formulanın patronu ecclestone , 2005 yılından itibaren yarışlara i̇stanbul etabınında eklendiğini açıkladı .","formulanın patronu ecclestone , 2005 yılından itibaren yarışlara i̇stanbul etabının da eklendiğini açıkladı ."
175,"çelik , öğrencilik yılların da , okul giderlerini karşılamak için tatiller de inşaatlar da çalışmış","çelik , öğrencilik yıllarında , okul giderlerini karşılamak için tatillerde inşaatlarda çalışmış"
176,i̇stanbulda bu sabahda yoğun sis etkili oluyor .,i̇stanbulda bu sabah da yoğun sis etkili oluyor .
177,"i̇talyada , hasanın , i̇nter ile sözleşme imzalamak üzere olduğu haberleri yayılmak da ...","i̇talyada , hasanın , i̇nter ile sözleşme imzalamak üzere olduğu haberleri yayılmakta ..."
178,"dünyanın en çok kazanan sanatçılarından madonna , sonun da zengin insanlardan yaka silkti .","dünyanın en çok kazanan sanatçılarından madonna , sonunda zengin insanlardan yaka silkti ."
179,"madonna , şimdi kendisine fakir bir mahalle de ev bakıyor ...","madonna , şimdi kendisine fakir bir mahallede ev bakıyor ..."
180,kayseri de bir reklam firması seçimlerden önce abdullah gülün i̇nternet adresini aldı .,kayseride bir reklam firması seçimlerden önce abdullah gülün i̇nternet adresini aldı .
181,bugünde i̇ngiltere başbakanı tony blair ile görüştü .,bugün de i̇ngiltere başbakanı tony blair ile görüştü .
182,"erdoğan , medyadanda büyük ilgi görüyor .","erdoğan , medyadan da büyük ilgi görüyor ."
183,i̇şte dünkü almanya ziyaretiyle ilgili alman basının da yeralan yorumlar,i̇şte dünkü almanya ziyaretiyle ilgili alman basınında yeralan yorumlar
184,tutulma 4 aralık da ve türkiyeden izlenmeyecek .,tutulma 4 aralıkta ve türkiyeden izlenmeyecek .
185,bilim adamları tutulma ile deprem arasın da ilişki olmadığını ortaya koydu,bilim adamları tutulma ile deprem arasında ilişki olmadığını ortaya koydu
186,"gazeteler de tuncay , kemal ve okanın adı öne çıkıyor","gazetelerde tuncay , kemal ve okanın adı öne çıkıyor"
187,tanınmaz hale gelen michael jackson berlin de ...,tanınmaz hale gelen michael jackson berlinde ...
188,ab parlâmentocun da aile fotoğraf çekimin de bir kenara taşınan türk bayrağı türkiyenin durumunu anlatır gibi ...,ab parlâmentocunda aile fotoğraf çekiminde bir kenara taşınan türk bayrağı türkiyenin durumunu anlatır gibi ...
189,kamboçya da 25 bin sporcu nehir de yarışacak ...,kamboçyada 25 bin sporcu nehirde yarışacak ...
190,"şenay akay , bir yıllık eşi buğra özçetin’in istemesi halin de mankenliği bırakabileceğini açıkladı ...","şenay akay , bir yıllık eşi buğra özçetin’in istemesi halinde mankenliği bırakabileceğini açıkladı ..."
191,öss puanlarının hesaplanmasın da kullanılan katsayılar da değişiklik öngören tasarı tbmmye gönderilecek .,öss puanlarının hesaplanmasında kullanılan katsayılarda değişiklik öngören tasarı tbmmye gönderilecek .
192,i̇şte yeni tasarıda ki puan hesap yöntemi,i̇şte yeni tasarıdaki puan hesap yöntemi
193,"i̇hmal , evde ki kızı öldürdü","i̇hmal , evdeki kızı öldürdü"
194,kamyonda ki tonlarca kumun altın da kalan 14 yaşında ki kız yaşama veda etti ...,kamyondaki tonlarca kumun altında kalan 14 yaşındaki kız yaşama veda etti ...
195,"liverpoolun yıldızı owen kadroya son anda eklenirken , defansın belkemiği ferdinand kadro da yer almadı .","liverpoolun yıldızı owen kadroya son anda eklenirken , defansın belkemiği ferdinand kadroda yer almadı ."
196,"ancak savaş bölgelerin de , yaşam çocukların üzerine acımasızca gidiyor .","ancak savaş bölgelerinde , yaşam çocukların üzerine acımasızca gidiyor ."
197,amerikan savaş uçakları kabile yönelik bombardıman da kızılhaça ait iki ambarı yanlışlıkla vurdu .,amerikan savaş uçakları kabile yönelik bombardımanda kızılhaça ait iki ambarı yanlışlıkla vurdu .
198,"bolu da , mide ağrısından hastaneye kaldırılan adamın bağırsaklarından 2 kavanoz dolusu solucan çıktı .","boluda , mide ağrısından hastaneye kaldırılan adamın bağırsaklarından 2 kavanoz dolusu solucan çıktı ."
199,ve günlük sinema da !,ve günlük sinemada !
200,güzellik kolye de mi ?,güzellik kolyede mi ?
201,tanınmış top model macpherson ile şarkıcı celine dion kolyenin peşin de,tanınmış top model macpherson ile şarkıcı celine dion kolyenin peşinde
202,dervişin 45 dakikalık randevu çıkışın da neşesiz olduğu gözlerden kaçmadı,dervişin 45 dakikalık randevu çıkışında neşesiz olduğu gözlerden kaçmadı
203,gemi de aşk ucuzladı !,gemide aşk ucuzladı !
204,hasan celal güzel bugün partisinden istifa etti ve cem uzan hakkın da ciddi suçlamalar da bulundu .,hasan celal güzel bugün partisinden istifa etti ve cem uzan hakkında ciddi suçlamalarda bulundu .
205,ancak amerikan içeceği olduğu için içmekde istemiyor .,ancak amerikan içeceği olduğu için içmek de istemiyor .
206,türkiye artık dünya da tatilcilerin gözdeleri arasın da .,türkiye artık dünyada tatilcilerin gözdeleri arasında .
207,alış veriş yapanların yüz de 60ı türk ...,alış veriş yapanların yüzde 60ı türk ...
208,futbol da dünya kupası finallerine hop oturup hop kalktık .,futbolda dünya kupası finallerine hop oturup hop kalktık .
209,şimdi sıra da basketbol var .,şimdi sırada basketbol var .
210,basketbol dada dünya şampiyonası milliyetten izlenecek !,basketbolda da dünya şampiyonası milliyetten izlenecek !
211,"manken çağla şıkel’in baş döndüren aşk trafiği , sonun da babası hüseyin şıkel’ide kızdırdı .","manken çağla şıkel’in baş döndüren aşk trafiği , sonunda babası hüseyin şıkel’i de kızdırdı ."
212,çankaya kökün de yapılan zirveden sonuç çıkmadı .,çankaya kökünde yapılan zirveden sonuç çıkmadı .
213,zirve de kararın 22 ağustosta ki mgk toplantısın da bir kez daha ele alınması kararlaştırıldı .,zirvede kararın 22 ağustostaki mgk toplantısında bir kez daha ele alınması kararlaştırıldı .
214,zirve sırasın da köşkün kapısına kadar dayanan eylemler vardı .,zirve sırasında köşkün kapısına kadar dayanan eylemler vardı .
215,kendinizle ilgili ipuçlarınıda masanızdan çıkartabilir,kendinizle ilgili ipuçlarını da masanızdan çıkartabilir
216,"denekler , başlangıç da zorlanıyor ancak sonra mutlu oluyor ...","denekler , başlangıçta zorlanıyor ancak sonra mutlu oluyor ..."
217,"melih gökçek ankara , işılay saygında i̇zmir için düşünülüyor ...","melih gökçek ankara , işılay saygın da i̇zmir için düşünülüyor ..."
218,lige şok i̇stanbulspor yenilgisiyle başlayan fenerbahçe de teknik direktör daum yüreklere su serpti,lige şok i̇stanbulspor yenilgisiyle başlayan fenerbahçede teknik direktör daum yüreklere su serpti
219,uzay da yaşanabilir bölge !,uzayda yaşanabilir bölge !
220,"alman ve amerikayı bilim adamları , samanyolu galaksisi için de canlıların yaşayabile","alman ve amerikayı bilim adamları , samanyolu galaksisi içinde canlıların yaşayabile"
221,moda dünyasın da tasarımcıların yaratıcılığı sınır tanımıyor .,moda dünyasında tasarımcıların yaratıcılığı sınır tanımıyor .
222,çalışmalarını sergiledikleri defileler dede farklı konseptler deniyorlar .,çalışmalarını sergiledikleri defilelerde de farklı konseptler deniyorlar .
223,bu defile de mankenlerin yüz makyajı dikkat çekti ...,bu defilede mankenlerin yüz makyajı dikkat çekti ...
224,"şilinin başkenti santiago da bikinili garsonlar , çalıştıkları baron rojo kafenin kapısının önün de dizilerek müşteri çekiyorlar","şilinin başkenti santiagoda bikinili garsonlar , çalıştıkları baron rojo kafenin kapısının önünde dizilerek müşteri çekiyorlar"
225,"gözler , ysk da ve vereceği karar da .","gözler , yskda ve vereceği kararda ."
226,oyun dramın da ilginç gelişmeler yaşanıyor .,oyun dramında ilginç gelişmeler yaşanıyor .
227,sergen ilk yarı da attığı gollerle destan yazdı ...,sergen ilk yarıda attığı gollerle destan yazdı ...
228,i̇kinci elde fiyatlar son 2 ay da 1 3 milyar lira düştü .,i̇kinci elde fiyatlar son 2 ayda 1 3 milyar lira düştü .
229,suyun üzerin de bu balonla dolaşmaya ne dersiniz ?,suyun üzerinde bu balonla dolaşmaya ne dersiniz ?
230,milano moda yünlerin de 2004 yaz modası sergilendi ...,milano moda yünlerinde 2004 yaz modası sergilendi ...
231,i̇stediğimiz olmazsa türkiye akacak yeni bir mecra bulur ! son haber,i̇stediğimiz olmazsa türkiye akacak yeni bir mecra bulur!son haber
232,cinayetin sırrı disket de !,cinayetin sırrı diskette !
233,valinin açılış töreni sırasın da skandal yaşandı .,valinin açılış töreni sırasında skandal yaşandı .
234,i̇mza törenin de cem yılmaz bakan şeneri kırdı geçirdi ...,i̇mza töreninde cem yılmaz bakan şeneri kırdı geçirdi ...
235,guantanamo da 8 türk var,guantanamoda 8 türk var
236,öğretmenler odalın da fuhuş !,öğretmenler odalında fuhuş !
237,"beşiktaş da dönüş yok , aday çok","beşiktaşta dönüş yok , aday çok"
238,kıbrıs da tarihi referandum da oy sayım işlemi tamamlandı .,kıbrısta tarihi referandumda oy sayım işlemi tamamlandı .
239,rum kesimi referandum da adnan planın beklenendende büyük oran da hazır oyu kullandı .,rum kesimi referandumda adnan planın beklenenden de büyük oranda hazır oyu kullandı .
240,türk kesimin de ise evet oyu beklendiği gibi çoğunluk da çıktı .,türk kesiminde ise evet oyu beklendiği gibi çoğunlukta çıktı .
241,kktc de bundan sonra ne olacak ?,kktcde bundan sonra ne olacak ?
242,yeni dönem de neler olabilir ?,yeni dönemde neler olabilir ?
243,fenerbahçeyi kızlar basketbol da şampiyon son haber,fenerbahçeyi kızlar basketbolda şampiyon son haber
244,başkanın eşi tören de türbanını çıkardı,başkanın eşi törende türbanını çıkardı
245,bu kezde güldal akşit soyuldu,bu kez de güldal akşit soyuldu
246,resepsiyon da derbi tartışması böyle yaşandı,resepsiyonda derbi tartışması böyle yaşandı
247,kuzey kore de diktatör karanlığı,kuzey korede diktatör karanlığı
248,osmanpaşada bu rakam 7 binden 12 bin kişiye çıktı .,osmanpaşa’da bu rakam 7 binden 12 bin kişiye çıktı .
249,"fatih , beykoz ve kadıköydede durum aynı .","fatih , beykoz ve kadıköy’de de durum aynı ."
250,aşevine gelenlerin profilleride değişti .,aşevine gelenlerin profilleri de değişti .
251,karadenizde azgın dalgalar sert kayalara vurur .,karadeniz’de azgın dalgalar sert kayalara vurur .
252,dalgalar çekilir ama kaya yerin de durur .,dalgalar çekilir ama kaya yerinde durur .
253,"adanada , eşini sokak da bıçaklayan aydın kara’yı , uzaktan izleyen polislere soruşturma açıldı .","adana’da , eşini sokakta bıçaklayan aydın kara’yı , uzaktan izleyen polislere soruşturma açıldı ."
254,türkiye de içki pazarın da kadınların sözü geçiyor .,türkiyede içki pazarında kadınların sözü geçiyor .
255,yurdun büyük bölümün de görülen yağışlar bu geceden itibaren etkisini arttıracak .,yurdun büyük bölümünde görülen yağışlar bu geceden itibaren etkisini arttıracak .
256,hava sıcaklığıda hissedilir derece de azalacak .,hava sıcaklığı da hissedilir derecede azalacak .
257,i̇mar banyasın da ödemeler bir defa da olmayacak .,i̇mar banyasında ödemeler bir defada olmayacak .
258,füzelerin türkiyeyede geldiği sanılıyor,füzelerin türkiyeye de geldiği sanılıyor
259,real sociedadlı tayfun kadro da yok ...,real sociedadlı tayfun kadroda yok ...
260,chp genel başkanı deniz baykal ile kemal derviş bugün telefon da konuştu .,chp genel başkanı deniz baykal ile kemal derviş bugün telefonda konuştu .
261,sağ da ittifak arayışı !,sağda ittifak arayışı !
262,saadet partisi ile büyük birlik partisi arasın da ittifak için görüşmeler başladı .,saadet partisi ile büyük birlik partisi arasında ittifak için görüşmeler başladı .
263,"02 de korkunç sarsıntılarla uyandık , ulusça bir felaket yaşadık .","02de korkunç sarsıntılarla uyandık , ulusça bir felaket yaşadık ."
264,"istanbullular saatlerce trafik de bekledi , çoğu otomobilinden inip yürüdü ...","istanbullular saatlerce trafikte bekledi , çoğu otomobilinden inip yürüdü ..."
265,atatürk havalimanın da karnı burnun da bir kadın x ray cihazına yaklaştı .,atatürk havalimanında karnı burnunda bir kadın x ray cihazına yaklaştı .
266,tam o sıra da polisleri oyalamak için bir uçağa bomba ihbarı yapıldı .,tam o sırada polisleri oyalamak için bir uçağa bomba ihbarı yapıldı .
267,son olarak bugün almanyanın doğusunda ki dresden kent merkezinin sel tehlikesi nedeniyle boşaltılmasına karar verildi .,son olarak bugün almanyanın doğusundaki dresden kent merkezinin sel tehlikesi nedeniyle boşaltılmasına karar verildi .
268,i̇şte fotoğraflarla avrupada ki sel felaketi ...,i̇şte fotoğraflarla avrupadaki sel felaketi ...
269,tugay iki maç dada forma giyerse hakan şükürün rekorunu yakalayacak,tugay iki maçta da forma giyerse hakan şükürün rekorunu yakalayacak
270,"başbakan bülent ecevit , abnin tarih vermemesiyle ilgili olarak ilginç bir tespit de bulundu .","başbakan bülent ecevit , abnin tarih vermemesiyle ilgili olarak ilginç bir tespitte bulundu ."
271,kuma koruma altın da !,kuma koruma altında !
272,kertesin ülkemiz dede iki kitabı yayımlandı ...,kertesin ülkemizde de iki kitabı yayımlandı ...
273,sokak ortasın da cinnet !,sokak ortasında cinnet !
274,"adana da sokak ortasın da cinnet getiren adam , 5 yaşında ki çocuğunun gözleri önün de karısını bıçakladı .","adanada sokak ortasında cinnet getiren adam , 5 yaşındaki çocuğunun gözleri önünde karısını bıçakladı ."
275,"bir alman yayınevi , piyasaya üzerin de şiir ve hikaye yazılı tuvalet kağıtları sürdü .","bir alman yayınevi , piyasaya üzerinde şiir ve hikaye yazılı tuvalet kağıtları sürdü ."
276,peki ya yarı da kalırsa ?,peki ya yarıda kalırsa ?
277,son zamanlar da kavgalı mankenlerin hepsi en üst grubun mankeni .,son zamanlarda kavgalı mankenlerin hepsi en üst grubun mankeni .
278,"ya sinirleri bozuk , gevşemeye çalışıyorlar yada psikolojileri bozulmuş .","ya sinirleri bozuk , gevşemeye çalışıyorlar ya da psikolojileri bozulmuş ."
279,"derbi maç da kendisine edilen küfürlere kızan bilgili , bu sabah istifa etti .","derbi maçta kendisine edilen küfürlere kızan bilgili , bu sabah istifa etti ."
280,gürelide yöneticiliği bıraktığını açıkladı son haber,güreli de yöneticiliği bıraktığını açıkladı son haber
281,kktc de hükümet krizi !,kktcde hükümet krizi !
282,adnan planlını öldürmüştüm ! son haber,adnan planlını öldürmüştüm!son haber
283,kıbrıs da referandum batı basını tarafındanda yakından izlendi .,kıbrısta referandum batı basını tarafından da yakından izlendi .
284,türk futbolun da bir ilk !,türk futbolunda bir ilk !
285,"trabzonspor , geçtiğimiz cumartesi günü oynanan maç da sahaya giren taraftarlarına tazminat davası açıyor son haber","trabzonspor , geçtiğimiz cumartesi günü oynanan maçta sahaya giren taraftarlarına tazminat davası açıyor son haber"
286,"toki̇ , 14 il de konutları kira gibi taksitlerle 10 yıl vadeli olarak satışa çıkarıyor .","toki̇ , 14 ilde konutları kira gibi taksitlerle 10 yıl vadeli olarak satışa çıkarıyor ."
287,onlarda çocuktu ...,onlar da çocuktu ...
288,denktaş yüz de 65i bile umursamadı,denktaş yüzde 65i bile umursamadı
289,gölcük itfaiyecileride soyundu,gölcük itfaiyecileri de soyundu
290,şampiyonluk yarışında ki en önemli maç sona erdi .,şampiyonluk yarışındaki en önemli maç sona erdi .
291,"i̇stanbul derbisin de 3 puan , galatasarayı 2 1 mağlup eden beşiktaşın oldu ...","i̇stanbul derbisinde 3 puan , galatasarayı 2 1 mağlup eden beşiktaşın oldu ..."
292,kıbrıs da anketler ne diyor ?,kıbrısta anketler ne diyor ?
293,yetim çocuklar aids deneylerin de son haber,yetim çocuklar aids deneylerinde son haber
294,beşiktaş da ronaldo şoku son haber,beşiktaşta ronaldo şoku son haber
295,"alparslan türkeş , ölümünün 7. yıldönümün de anıldı","alparslan türkeş , ölümünün 7. yıldönümünde anıldı"
296,chp önün de kırmızı kartlı protesto ...,chp önünde kırmızı kartlı protesto ...
297,"i̇srail , arafatı vurmak da kararlı gibi !","i̇srail , arafatı vurmakta kararlı gibi !"
298,"necef de ölü sayısı 20 , 100den fazla yaralı var","necefte ölü sayısı 20 , 100den fazla yaralı var"
299,kanlı el kaide operasyonun da ölü sayısı 4e çıktı,kanlı el kaide operasyonunda ölü sayısı 4e çıktı
300,tüp geçit projesin de geri sayım başladı ...,tüp geçit projesinde geri sayım başladı ...
301,abd de neredeyse nefes almaya bile vergi konacak ...,abdde neredeyse nefes almaya bile vergi konacak ...
302,doğalgaz da yeni rota karadeniz ...,doğalgazda yeni rota karadeniz ...
303,çağladan sonra erikde çıktı ...,çağladan sonra erik de çıktı ...
304,okullar da elma ve patates dağıtılacak mı ?,okullarda elma ve patates dağıtılacak mı ?
305,süper lig de sürpriz sonuçlar alındı,süper ligde sürpriz sonuçlar alındı
306,mavericks suns maçın da potaya 227 sayı atıldı,mavericks suns maçında potaya 227 sayı atıldı
307,"bugün ekranlar da siyaset programlarının yanı sıra , birbirinden keyifli eğlence programları var","bugün ekranlarda siyaset programlarının yanı sıra , birbirinden keyifli eğlence programları var"
308,zana ve arkadaşlarının bugün bazı gazeteler de yeralan ilanı gündeme oturdu .,zana ve arkadaşlarının bugün bazı gazetelerde yeralan ilanı gündeme oturdu .
309,"türkiye , 17 aralık zirve taslağına itirazlarını 11 madde de topladı .","türkiye , 17 aralık zirve taslağına itirazlarını 11 maddede topladı ."
310,kasım da dolar yatırımcısı kaybetti son haber,kasımda dolar yatırımcısı kaybetti son haber
311,derbi anketin de cim bom ön de tıkla,derbi anketinde cim bom önde tıkla
312,memurlar da 15 dereceli maaş sisteminin değiştirilmesi için çalışmalar başlatıldı .,memurlarda 15 dereceli maaş sisteminin değiştirilmesi için çalışmalar başlatıldı .
313,konut fiyatları ankara da son 1 yıl da yüz de 30 40 oranın da arttı .,konut fiyatları ankarada son 1 yılda yüzde 30 40 oranında arttı .
314,şehir son dönemler de eskişehir yolu yönün de gelişiyor ayrıntılar ...,şehir son dönemlerde eskişehir yolu yönünde gelişiyor ayrıntılar ...
315,"bagaj da tanju ne pişirenler , apartman kapı sı çalanlar , yapraklara adı ne kazıyanlar .","bagajda tanju ne pişirenler , apartman kapı sı çalanlar , yapraklara adı ne kazıyanlar ."
316,yurdum i̇nsa anından haberler karşınız da ...,yurdum i̇nsa anından haberler karşınızda ...
317,bahis şirketlerin de durum ne ...,bahis şirketlerinde durum ne ...
318,yeni enflasyon sepetin de sona gelindi,yeni enflasyon sepetinde sona gelindi
319,kasım da yalnızca dolar yatırımcısı enflasyona yenildi,kasımda yalnızca dolar yatırımcısı enflasyona yenildi
320,eurovision da finale kalan eserler belirlendi,eurovisionda finale kalan eserler belirlendi
321,ford da çalışan türk kızına ödül,fordda çalışan türk kızına ödül
322,"baykal , sarıgül konusun da son noktayı koydu","baykal , sarıgül konusunda son noktayı koydu"
323,akp kırsal kesimde ki oy oranı için düzenli anket yaptıracak,akp kırsal kesimdeki oy oranı için düzenli anket yaptıracak
324,i̇lkokul mezunlarına ehliyet alma da engel kalkıyor,i̇lkokul mezunlarına ehliyet almada engel kalkıyor
325,kuşadasın da 2 genç kız öldürüldü !,kuşadasında 2 genç kız öldürüldü !
326,"nihat , madrid sınavın da","nihat , madrid sınavında"
327,cimbom da gözler hakan şükür de ...,cimbomda gözler hakan şükürde ...
328,milan maçın da fiorentinayı tutuyorum,milan maçında fiorentinayı tutuyorum
329,"nehir erdoğan , taylan birader’lerle başka projeler dede çalışmak istediğini söylüyor program arama","nehir erdoğan , taylan birader’lerle başka projelerde de çalışmak istediğini söylüyor program arama"
330,trt de gözaltı skandalı !,trtde gözaltı skandalı !
331,türkiye de mart 2006ya dikkat edin .,türkiyede mart 2006ya dikkat edin .
332,elazığ da 4.2 şiddetin de deprem oldu son,elazığda 4.2 şiddetinde deprem oldu son
333,başbakanlık basın görevlisi gözaltın da !,başbakanlık basın görevlisi gözaltında !
334,denizlispor da ersun yanala öfke son,denizlisporda ersun yanala öfke son
335,meclis de büyük uzlaşma !,mecliste büyük uzlaşma !
336,"otostop yapıp bindiği otomobilde ki erkeklerin evine gidip , tatlı bisküviyle uyutup soyan kadın yakalandı son","otostop yapıp bindiği otomobildeki erkeklerin evine gidip , tatlı bisküviyle uyutup soyan kadın yakalandı son"
337,abd de dergi yayıncıları birliği son 40 yıla damgasını vurmuş en iyi dergi kapakları seçildi .,abdde dergi yayıncıları birliği son 40 yıla damgasını vurmuş en iyi dergi kapakları seçildi .
338,kürsü de ağlatan sevgi !,kürsüde ağlatan sevgi !
339,bugün taburcu olan unakıtan teşekkür edince eşi gözyaşlarına boğulup gazetecilerin önün de böyle sarıldı son haber,bugün taburcu olan unakıtan teşekkür edince eşi gözyaşlarına boğulup gazetecilerin önünde böyle sarıldı son haber
340,en iyi 10 da 3 türk otel !,en iyi 10da 3 türk otel !
341,anneside ölmek istedi,annesi de ölmek istedi
342,türkiye yolsuzluk sıralamasın da 65. oldu,türkiye yolsuzluk sıralamasında 65. oldu
343,romanya da yeni kuş gribi şüphesi,romanyada yeni kuş gribi şüphesi
344,busha olan halk desteği en alt düzey de !,busha olan halk desteği en alt düzeyde !
345,"pakistan da durum vahimleşiyor , acil çadır lazım !","pakistanda durum vahimleşiyor , acil çadır lazım !"
346,"bush , beyaz saray da iftar yemeği verdi","bush , beyaz sarayda iftar yemeği verdi"
347,akpden dün istifa etti bugün anap da,akpden dün istifa etti bugün anapta
348,enerji bakanlıkısın başı tahkimle dert de !,enerji bakanlıkısın başı tahkimle dertte !
349,fener hakkın da bilmemiz gerekenleri biliyoruz,fener hakkında bilmemiz gerekenleri biliyoruz
350,fener schalkeyi evin de ağırlıyor i̇şte muhtemel 11,fener schalkeyi evinde ağırlıyor i̇şte muhtemel 11
351,beşiktaşta ki karışıklık i̇ngiliz basının da,beşiktaştaki karışıklık i̇ngiliz basınında
352,össye başvuru da randevu dönemi,össye başvuruda randevu dönemi
353,cadde de bombalı saldırı !,caddede bombalı saldırı !
354,i̇stanbul dgm de görevli hakim ve savcıları taşıyan servis midibüsünün sahil,i̇stanbul dgmde görevli hakim ve savcıları taşıyan servis midibüsünün sahil
355,kennedy caddesi köprü altından geçişi sırasın da uzaktan kumandalı ve parça tesirli bomba patladı .,kennedy caddesi köprü altından geçişi sırasında uzaktan kumandalı ve parça tesirli bomba patladı .
356,"saldırı da 1i savcı , 2si polis 5 kişi yaralandı","saldırıda 1i savcı , 2si polis 5 kişi yaralandı"
357,2004 de görevi bırakacağım .,2004te görevi bırakacağım .
358,fenerbahçe de kadro dışı bırakılan ogün artık trabzona dönüş hazırlığın da .,fenerbahçede kadro dışı bırakılan ogün artık trabzona dönüş hazırlığında .
359,yaralı oğulda babasını tüfekle vurdu ...,yaralı oğul da babasını tüfekle vurdu ...
360,birgün ev de yalnızken tecavüz etti .,birgün evde yalnızken tecavüz etti .
361,"buna göre tüfede ki artış % 1,6 olarak gerçekleşirken , tefe % 0,6 oranın da azaldı","buna göre tüfedeki artış % 1,6 olarak gerçekleşirken , tefe % 0,6 oranında azaldı"
362,sergen ve i̇lhan ansızın birlik de oynamak istediği hakan şükürün beşiktaş rüyası çabuk bitti .,sergen ve i̇lhan ansızın birlikte oynamak istediği hakan şükürün beşiktaş rüyası çabuk bitti .
363,"sergen , dizinde ki sakatlığı nedeniyle teknik direktör şenol güneş tarafından milli takım kadrosundan çıkartıldı .","sergen , dizindeki sakatlığı nedeniyle teknik direktör şenol güneş tarafından milli takım kadrosundan çıkartıldı ."
364,türkiye de bir ilk !,türkiyede bir ilk !
365,"on da firması , kaza olacağını önceden fark edip sürücüyü uyaran otomobil üretti .","onda firması , kaza olacağını önceden fark edip sürücüyü uyaran otomobil üretti ."
366,esin civangil eğlenmeye gittiği reina da fazla alkolden fenalaştı ...,esin civangil eğlenmeye gittiği reinada fazla alkolden fenalaştı ...
367,türk futbolu şok da !,türk futbolu şokta !
368,2.5 yaşın da bilgisayar kullanan çocuk !,2.5 yaşında bilgisayar kullanan çocuk !
369,"ab , imf başkanlığı için 2 isim üzerin de anlaştı","ab , imf başkanlığı için 2 isim üzerinde anlaştı"
370,malatya da don kayısıları vurdu,malatyada don kayısıları vurdu
371,sayısal talihlisi kuponu son dakika da yatırmış !,sayısal talihlisi kuponu son dakikada yatırmış !
372,"cameron diaz , artık aşk sahnelerin de oynamayacak .","cameron diaz , artık aşk sahnelerinde oynamayacak ."
373,şimdi söz on da ...,şimdi söz onda ...
374,"i̇şte , moskovada yazarlar birk’liğinin salonuna yerleştirilen tabut da nâzım’ın son görüntüsü .","i̇şte , moskova’da yazarlar birk’liğinin salonuna yerleştirilen tabutta nâzım’ın son görüntüsü ."
375,hollywood da şu günler de alışılmadık bir film projesi konuşuluyor .,hollywoodda şu günlerde alışılmadık bir film projesi konuşuluyor .
376,i̇şte biraz tuzluda olsa birkaç seçenek ...,i̇şte biraz tuzlu da olsa birkaç seçenek ...
377,"haftalardır aldığı kötü sonuçlarla düşme potasına gerileyen trabzonspor , samsun deplasmanın da güldü .","haftalardır aldığı kötü sonuçlarla düşme potasına gerileyen trabzonspor , samsun deplasmanında güldü ."
378,i̇stanbulda kuş gribi şüphesiyle şu ana kadar insanlardan alınan örnekler içerisin de pozitif sonuç çıkmadı .,i̇stanbulda kuş gribi şüphesiyle şu ana kadar insanlardan alınan örnekler içerisinde pozitif sonuç çıkmadı .
379,i̇stanbuldaki hastaneler de kuş gribi salgınına karşı hazırlık yapılıyor ...,i̇stanbuldaki hastanelerde kuş gribi salgınına karşı hazırlık yapılıyor ...
380,şişli de açık da tavuk satışı yasaklandı son,şişlide açıkta tavuk satışı yasaklandı son
381,şubat da tehlike büyüyebilir son haber,şubatta tehlike büyüyebilir son haber
382,"cimbom , varlık için de yokluk çekiyor","cimbom , varlık içinde yokluk çekiyor"
383,cesedini battaniyeye sarıp eve getirirken acı için de kıvranıyordu son,cesedini battaniyeye sarıp eve getirirken acı içinde kıvranıyordu son
384,los angeles de başlayan 2006 yılının ilk otomobil fuarın da lüks araçlar görücüye çıktı .,los angeleste başlayan 2006 yılının ilk otomobil fuarında lüks araçlar görücüye çıktı .
385,"tem otoyolun da zincirleme trafik kazası meydana geldi , 16 araç birbirine girdi .","tem otoyolunda zincirleme trafik kazası meydana geldi , 16 araç birbirine girdi ."
386,kaza da 12 ölü 45 yaralı var .,kazada 12 ölü 45 yaralı var .
387,yunanistanda ki kamp da pkkcılarla dhkclilerda taştı .,yunanistandaki kampta pkkcılarla dhkcliler da taştı .
388,youla sonun da gitti !,youla sonunda gitti !
389,gülmek isteyenler için hepsi mizah da ...,gülmek isteyenler için hepsi mizahta ...
390,bütün partiler oyun için de oyun oynadı .,bütün partiler oyun içinde oyun oynadı .
391,birde bize sürekli pazarlıkçı diyorlar .,bir de bize sürekli pazarlıkçı diyorlar .
392,pazarlık yapan varsa oda hükümettir .,pazarlık yapan varsa o da hükümettir .
393,ama iktidar partileri oyun için de oyun yaptı .,ama iktidar partileri oyun içinde oyun yaptı .
394,"onun içinde diyoruz ki , bu , demokratik bir anlayış değil .","onun için de diyoruz ki , bu , demokratik bir anlayış değil ."
395,"sayın bahçeli , gün gelir bizim yapmak da olduğumuz bu mücadeleye sizinde ihtiyacınız olabilir .","sayın bahçeli , gün gelir bizim yapmakta olduğumuz bu mücadeleye sizin de ihtiyacınız olabilir ."
396,bende size bir haber vereyim .,ben de size bir haber vereyim .
397,58’inci hükümet de tam 14 bakanın eşi türban takıyor .,58’inci hükümette tam 14 bakanın eşi türban takıyor .
398,birde dayak yedi !,bir de dayak yedi !
399,öğretmene sınıf da dayak !,öğretmene sınıfta dayak !
400,güney koreden gelen çatışma görüntülerinide kaçırmayın ...,güney koreden gelen çatışma görüntülerini de kaçırmayın ...
401,ab de gelişmenin coşkusu yaşanıyor .,abde gelişmenin coşkusu yaşanıyor .
402,ancak akılları kurcalayan sorunlarda var .,ancak akılları kurcalayan sorunlar da var .
403,afyon da çıplak protesto son haber,afyonda çıplak protesto son haber
404,tatildeyken laptobunu çaldıran cem özerin bilgisayarında ki ünlülere ait telefon numara yarı i̇nternetten geziyor,tatildeyken laptobunu çaldıran cem özerin bilgisayarındaki ünlülere ait telefon numara yarı i̇nternetten geziyor
405,türleri arjantin televizyonların da yayınlandı .,türleri arjantin televizyonlarında yayınlandı .
406,1 mayıs dünya dada coşkuyla kutlandı .,1 mayıs dünyada da coşkuyla kutlandı .
407,suyla hem halkı hemde doktorları mutlu edecek .,suyla hem halkı hem de doktorları mutlu edecek .
408,"i̇stanbul büyükşehir belediyesi , avrupanın en büyük deniz akvaryumu loceanograficin benzerini florya da kuruyor ...","i̇stanbul büyükşehir belediyesi , avrupanın en büyük deniz akvaryumu loceanograficin benzerini floryada kuruyor ..."
409,"anket de altın , gümüş ve bronz olarak üç farklı kadro seçildi .","ankette altın , gümüş ve bronz olarak üç farklı kadro seçildi ."
410,"stamford kenti , beverly hillsi geri de bıraktı ...","stamford kenti , beverly hillsi geride bıraktı ..."
411,kul lada mı yo ruz !,kul la da mı yo ruz !
412,"şampiyon atletimiz süreyya ayhan , milletler kupası yarışların da rahat bir yarış çıkararak 4.06 .","şampiyon atletimiz süreyya ayhan , milletler kupası yarışlarında rahat bir yarış çıkararak 4.06 ."
413,ilik dereceyle 1.500 metre de birinci oldu ...,ilik dereceyle 1.500 metrede birinci oldu ...
414,yarışmacı şimdi hastane de ...,yarışmacı şimdi hastanede ...
415,yunanistan da bir milyarder doğup büyüdüğü kasabaya büyük bir servet bıraktı .,yunanistanda bir milyarder doğup büyüdüğü kasabaya büyük bir servet bıraktı .
416,"mesut yılmazın eşi berna yılmaz , kemal dervişin kabine de kadın bakan isteğine destek çıktı ...","mesut yılmazın eşi berna yılmaz , kemal dervişin kabinede kadın bakan isteğine destek çıktı ..."
417,ama küçük bir şaka yapmak isterken kendisini cezaevin de buldu .,ama küçük bir şaka yapmak isterken kendisini cezaevinde buldu .
418,akbankda evlenebilir !,akbank da evlenebilir !
419,bir zamanlar ithal otomobil için galeriler de kuyruğa girenler artık kalmadı .,bir zamanlar ithal otomobil için galerilerde kuyruğa girenler artık kalmadı .
420,"biri bizi gözetleiyorum açık farkla ön de götüren edi , diskalifiye olmaktan son anda kurtuldu .","biri bizi gözetleiyorum açık farkla önde götüren edi , diskalifiye olmaktan son anda kurtuldu ."
421,taksiye çıktığın da oyun kurallarını ihlal eden edi gözyaşlarını tutamadı ...,taksiye çıktığında oyun kurallarını ihlal eden edi gözyaşlarını tutamadı ...
422,başı fena dert de !,başı fena dertte !
423,ünlü sanatçı mustafa sandalın başı vergi borcu nedeniyle dert de .,ünlü sanatçı mustafa sandalın başı vergi borcu nedeniyle dertte .
424,"üç yıl hapis istemiyle yargılandığı mahkeme , bir sonra ki duruşmaya zorla getirilmesini istedi","üç yıl hapis istemiyle yargılandığı mahkeme , bir sonraki duruşmaya zorla getirilmesini istedi"
425,"virginia üniversitesin de yapılan araştırmalar da , cep telefonunun öğrenciler de zihni yorarak öğrenmeyi engellediği ortaya çıktı .","virginia üniversitesinde yapılan araştırmalarda , cep telefonunun öğrencilerde zihni yorarak öğrenmeyi engellediği ortaya çıktı ."
426,barajlar da geçen yıla göre % 61lik fazlalık var,barajlarda geçen yıla göre % 61lik fazlalık var
427,anket de % 75lik destek alan ceme göre bu çok önemli bir gösterge ...,ankette % 75lik destek alan ceme göre bu çok önemli bir gösterge ...
428,"yapılan deniz suyu ölçümlerin de , 2001 yılına göre kirlilik oranın da düşüş saptandı .","yapılan deniz suyu ölçümlerinde , 2001 yılına göre kirlilik oranında düşüş saptandı ."
429,bazı bölgeler de koli basiline rastlanmadı,bazı bölgelerde koli basiline rastlanmadı
430,ünlü futbolcuyu dört gözle bekleyenler sadece avrupa’nın ön de gelen kulüpleri değil .,ünlü futbolcuyu dört gözle bekleyenler sadece avrupa’nın önde gelen kulüpleri değil .
431,dışarın da çok sıcak bir hava var ve siz dışarı çıkmak istemiyorsunuz .,dışarında çok sıcak bir hava var ve siz dışarı çıkmak istemiyorsunuz .
432,"yaptığı göbek şovla ünlenen ne , iddialı bir çalışma için de .","yaptığı göbek şovla ünlenen ne , iddialı bir çalışma içinde ."
433,14 yaşın da trafik canavarı,14 yaşında trafik canavarı
434,yeni yıl da vergi ve harçlar,yeni yılda vergi ve harçlar
435,emlak ve çöp vergisinde ki artış % 5.6 olacak ...,emlak ve çöp vergisindeki artış % 5.6 olacak ...
436,la birlik de havalar ısını,la birlikte havalar ısını
437,"nihat özdemir , diyarbakırda","nihat özdemir , diyarbakır da"
438,çın da tribünleri boş bırakan taraftara sitem etti,çında tribünleri boş bırakan taraftara sitem etti
439,samsunspor deplasmanın da 4 gol bulan beşiktaş 3 puanı alan taraf oldu ...,samsunspor deplasmanında 4 gol bulan beşiktaş 3 puanı alan taraf oldu ...
440,çeteyle bağlantılı bir belediye başkanının makam odasın da çok sayı da dinamit bulundu .,çeteyle bağlantılı bir belediye başkanının makam odasında çok sayıda dinamit bulundu .
441,"çete , en düstri holding mallarının yağmalan maçın da rol oynamış son haber","çete , en düstri holding mallarının yağmalan maçında rol oynamış son haber"
442,enflasyon hedefin altın da !,enflasyon hedefin altında !
443,adalet baskanlığın da korkutan patlama son,adalet baskanlığında korkutan patlama son
444,memura bayram da çifte müjde !,memura bayramda çifte müjde !
445,ardından boşluğa doğru süzüldü ve yan apart mana yaslanarak hava da böyle durabildi son haber,ardından boşluğa doğru süzüldü ve yan apart mana yaslanarak havada böyle durabildi son haber
446,windowsuda ki açık yüzünden yüzmilyonlarca bilgisayar virüs tehdidi altın da ...,windowsudaki açık yüzünden yüzmilyonlarca bilgisayar virüs tehdidi altında ...
447,"i̇ngiltere , ülkenin en yoğun göçmenlik bürosun da yaşanan seks skandalıyla çalkalanıyor !","i̇ngiltere , ülkenin en yoğun göçmenlik bürosunda yaşanan seks skandalıyla çalkalanıyor !"
448,buda taş devri diyeti,bu da taş devri diyeti
449,almanya da spor salonunun çatısı çöktü,almanyada spor salonunun çatısı çöktü
450,atina da bombalı sabah ...,atinada bombalı sabah ...
451,doğalgaz da tek bir ülkeye bağlı değiliz,doğalgazda tek bir ülkeye bağlı değiliz
452,i̇ki kupayıda istiyoruz ...,i̇ki kupayı da istiyoruz ...
453,fransada yumuşadı !,fransa da yumuşadı !
454,türkiyenin ab üyeliğine karşı çıkan fransanın görüşlerinde ki değişimi bugün chirac şöyle dile getirdi son haber,türkiyenin ab üyeliğine karşı çıkan fransanın görüşlerindeki değişimi bugün chirac şöyle dile getirdi son haber
455,hafta sonun da yurdun tümü bahar havası yaşayacak .,hafta sonunda yurdun tümü bahar havası yaşayacak .
456,türkiye de tezkere tartışmaları yaşanırken abd de kapalı kapılar ardın da neler konuşuluyordu .,türkiyede tezkere tartışmaları yaşanırken abdde kapalı kapılar ardında neler konuşuluyordu .
457,belçika da bugün yayınlanan gazeteler de milli takım ve ersun yanala şu övgüler yeraldı son haber,belçikada bugün yayınlanan gazetelerde milli takım ve ersun yanala şu övgüler yeraldı son haber
458,hileleri gıda üretene ağır ceza yol da !,hileleri gıda üretene ağır ceza yolda !
459,"abd , kktcyede factor diplomatik tanınma sunabilir !","abd , kktcye de factor diplomatik tanınma sunabilir !"
460,mars da işlem tamam !,marsta işlem tamam !
461,istanbullular tv de ne izliyor ?,istanbullular tvde ne izliyor ?
462,daumun gözü sambacılar da !,daumun gözü sambacılarda !
463,kapalı kapılar ardın da !,kapalı kapılar ardında !
464,herkesin heyecanla beklediği dsp grup toplantısının basına kapalı bölümün de neler konuşuldu .,herkesin heyecanla beklediği dsp grup toplantısının basına kapalı bölümünde neler konuşuldu .
465,newsweekin yorumuna göre böyle bir koalisyon batı ve imf içinde iyi bir seçenek .,newsweekin yorumuna göre böyle bir koalisyon batı ve imf için de iyi bir seçenek .
466,az ileri de bir başka bankayı soymaya çalışınca bu kez yakalandı ...,az ileride bir başka bankayı soymaya çalışınca bu kez yakalandı ...
467,i̇talyaya transferi olay olan hakan şükürü şimdide parma elinden çıkartmak istiyor .,i̇talyaya transferi olay olan hakan şükürü şimdi de parma elinden çıkartmak istiyor .
468,son istifalardan sonra değişen aritmetiğe uygun olarak meclis de oturma düzenide değişti ...,son istifalardan sonra değişen aritmetiğe uygun olarak mecliste oturma düzeni de değişti ...
469,sivas da doğan ve kardeşlerini karnın da taşıyan bebeğe bugün başarılı bir ameliyat yapıldı .,sivasta doğan ve kardeşlerini karnında taşıyan bebeğe bugün başarılı bir ameliyat yapıldı .
470,ortegada zamanla anlar,ortega da zamanla anlar
471,i̇dam cezalarıda bu gelişmenin önüne geçmiyor .,i̇dam cezaları da bu gelişmenin önüne geçmiyor .
472,musti turne de tuba barlar da,musti turnede tuba barlarda
473,"mustafa sandal’la aşk yaşayan tuba ünsal , önce ki gece ortaköy’de ki buz bar’daydı .","mustafa sandal’la aşk yaşayan tuba ünsal , önceki gece ortaköy’deki buz bar’daydı ."
474,ancak o abisinin ehliyetini alıp gizlice şehirlerarası otobüsler de çalışmaya devam etti .,ancak o abisinin ehliyetini alıp gizlice şehirlerarası otobüslerde çalışmaya devam etti .
475,i̇zmir konak da avukat mehmet oğuz duş almak için banyoya girdi .,i̇zmir konakta avukat mehmet oğuz duş almak için banyoya girdi .
476,patlama öyle şiddetli idi ki sokakta ki 15 araç hasar gördü,patlama öyle şiddetli idi ki sokaktaki 15 araç hasar gördü
477,hırvatistan maçın da herkesi çileden çıkaran i̇ngiliz hakem stokes sırbistan maçına atandı .,hırvatistan maçında herkesi çileden çıkaran i̇ngiliz hakem stokes sırbistan maçına atandı .
478,ümit milli takım ve schalke de fırtına gibi esen hamite alanlar kancayı fena taktı .,ümit milli takım ve schalkede fırtına gibi esen hamite alanlar kancayı fena taktı .
479,kamp da neler oldu ?,kampta neler oldu ?
480,şehrin ortasın da kurşun !,şehrin ortasında kurşun !
481,"bakırköy de semih i̇mrahor adlı işadamı , evinin önün de uğradığı silahlı saldırı sonucu ağır yaralandı .","bakırköyde semih i̇mrahor adlı işadamı , evinin önünde uğradığı silahlı saldırı sonucu ağır yaralandı ."
482,milli basketçiler kaya peker ile kerem tunçeri gittikleri sandviç büfesin de müşteriler arasında ki kavgaya karıştı .,milli basketçiler kaya peker ile kerem tunçeri gittikleri sandviç büfesinde müşteriler arasındaki kavgaya karıştı .
483,"belçika , abd ile arasın da gerginliğe yol açan , savaş suçları yasasını değiştiriyor .","belçika , abd ile arasında gerginliğe yol açan , savaş suçları yasasını değiştiriyor ."
484,hepburn yıllarca birlik de yaşadığı spencer tracyken dayak yedi ve evliliği hiç düşünmedi ...,hepburn yıllarca birlikte yaşadığı spencer tracyken dayak yedi ve evliliği hiç düşünmedi ...
485,malatyanın pütürge i̇lçelinde saat 04.48de 5.7 büyüklüğün de bir deprem oldu .,malatyanın pütürge i̇lçelinde saat 04.48de 5.7 büyüklüğünde bir deprem oldu .
486,çevre illerdende hissedilen deprem de can ve mal kaybı yok !,çevre illerden de hissedilen depremde can ve mal kaybı yok !
487,"tarih de hiçbir süper güç , yeryüzün de abd gibi egemenlik kurmadı .","tarihte hiçbir süper güç , yeryüzünde abd gibi egemenlik kurmadı ."
488,galatasaray yeni transferleriyle kombine bilet satışın da patlama yaşadı .,galatasaray yeni transferleriyle kombine bilet satışında patlama yaşadı .
489,80 bin kişilik olimpiyat stadı için 6 gün de toplam 20 bin 500 kombine bilet satıldı,80 bin kişilik olimpiyat stadı için 6 günde toplam 20 bin 500 kombine bilet satıldı
490,son 14 maçın 13’ünü kaybeden göztepe karşısın da bile tutunamadı,son 14 maçın 13’ünü kaybeden göztepe karşısında bile tutunamadı
491,"lig de kalması mucizelere bağlı göztepe , bir ara 3 ılık üstünlüğü yakaladı .","ligde kalması mucizelere bağlı göztepe , bir ara 3 ılık üstünlüğü yakaladı ."
492,moldovya’nın son anda ki golleriyle hezimet yaşanmadı,moldovya’nın son andaki golleriyle hezimet yaşanmadı
493,"bahçe , son 14 maçın 13’ünü kaybeden göztepe karşısın da bile tutunamadı .","bahçe , son 14 maçın 13’ünü kaybeden göztepe karşısında bile tutunamadı ."
494,"bahçe , taraftarlarından tepki aldı , gaziantepspor’dan sonra samsunspor’unda gerisin de kaldı .","bahçe , taraftarlarından tepki aldı , gaziantepspor’dan sonra samsunspor’un da gerisinde kaldı ."
495,"kaleci oğuz 35. dakika da acemice kart gördü , takım 10 kişi kaldı .","kaleci oğuz 35. dakikada acemice kart gördü , takım 10 kişi kaldı ."
496,i̇kinci yarı da göztepe’nin ani atakların da savunma sürekli az adamla yakalandı .,i̇kinci yarıda göztepe’nin ani ataklarında savunma sürekli az adamla yakalandı .
497,"remzi , bülent ve burak’ın nefis golleriyle skor bir anda 3da taşındı .","remzi , bülent ve burak’ın nefis golleriyle skor bir anda 3 da taşındı ."
498,son dakikalar da moldovya’nın iki golü f .,son dakikalarda moldovya’nın iki golü f .
499,yöneticileri her zaman arkaların da .,yöneticileri her zaman arkalarında .
500,artık bizim hedefimiz önümüzde ki sezon türk futboluna yakışır f .,artık bizim hedefimiz önümüzdeki sezon türk futboluna yakışır f .
501,bu ara da menajer selim soydan’ın göz yaşlarına engel olamadığı görüldü .,bu arada menajer selim soydan’ın göz yaşlarına engel olamadığı görüldü .
502,taraftarlar bir arada göztepeyi futbolcuları alkışladılar .,taraftarlar bir ara da göztepeyi futbolcuları alkışladılar .
503,"protesto , karşılaşma sonrasıda devam etti .","protesto , karşılaşma sonrası da devam etti ."
504,bahçe karşısın da tarihin de ikinci galibiyetini aldı .,bahçe karşısında tarihinde ikinci galibiyetini aldı .
505,"f. bahçe teknik direktörü turhan sofuoğlu , kaleyi engin’inde onayıyla genç oğuz’a verdi .","f.bahçe teknik direktörü turhan sofuoğlu , kaleyi engin’in de onayıyla genç oğuz’a verdi ."
506,sahayı büyük bir üzüntü için de terk eden oğuz’un gözlerininde dolu dolu olduğu görüldü .,sahayı büyük bir üzüntü içinde terk eden oğuz’un gözlerinin de dolu dolu olduğu görüldü .
507,çekilişin ilk bölümü kızılay da genel müdürlük binasın da yapıldı,çekilişin ilk bölümü kızılayda genel müdürlük binasında yapıldı
508,henüz 7 yaşın da ...,henüz 7 yaşında ...
509,babası tabancasını oda da bıraktı .,babası tabancasını odada bıraktı .
510,milli takımın devre arasın da dubai de yapacağı hazırlık kampının aday futbolcuları açıklanmıştı .,milli takımın devre arasında dubaide yapacağı hazırlık kampının aday futbolcuları açıklanmıştı .
511,ancak baş da fatih terim karşı çıkanlar vardı .,ancak başta fatih terim karşı çıkanlar vardı .
512,"sydney de onbinlerce kişi , yeni yılı muhteşem bir havai fişek gösterisi ile karşıladı","sydneyde onbinlerce kişi , yeni yılı muhteşem bir havai fişek gösterisi ile karşıladı"
513,"dünya , türkiyenin irak operasyonun da nasıl davranacağını merakla bekliyor .","dünya , türkiyenin irak operasyonunda nasıl davranacağını merakla bekliyor ."
514,"uzmanlara göre aşırı alkol tüketiminin sabahın da baş ağrısıyla uyanmak , bir zehirlenme belirtisi .","uzmanlara göre aşırı alkol tüketiminin sabahında baş ağrısıyla uyanmak , bir zehirlenme belirtisi ."
515,yılbaşının ardından dinç uyanmanın sırrı detoks mönüsün de .,yılbaşının ardından dinç uyanmanın sırrı detoks mönüsünde .
516,"her ülke de , yeni yılın uğurlu gelmesi için çeşitli inançlar var .","her ülkede , yeni yılın uğurlu gelmesi için çeşitli inançlar var ."
517,"kimin de börülce yeniyor , kimi masasına 12 çeşit meyve koyuyor .","kiminde börülce yeniyor , kimi masasına 12 çeşit meyve koyuyor ."
518,i̇şte dünya da yeni yıl inançları,i̇şte dünyada yeni yıl inançları
519,ancak yağmur ve rüzgarı görünce hamamla yetinmek zorun da kaldı .,ancak yağmur ve rüzgarı görünce hamamla yetinmek zorunda kaldı .
520,"bir yılı daha geri de bırakıp , 2003e merhaba demeye saatler kaldı .","bir yılı daha geride bırakıp , 2003e merhaba demeye saatler kaldı ."
521,"şimdi eğlenme zamanı , bir yılın yorgunluğunu atıp yeni yılı mutluluk için de karşılama zamanı .","şimdi eğlenme zamanı , bir yılın yorgunluğunu atıp yeni yılı mutluluk içinde karşılama zamanı ."
522,öyleyse hep birlik de gülümseyelim ...,öyleyse hep birlikte gülümseyelim ...
523,sizce türkiye olası irak operasyonun da yer almalı mı ?,sizce türkiye olası irak operasyonunda yer almalı mı ?
524,trtde ki program için suç duyurusu son,trtdeki program için suç duyurusu son
525,çılgın pozlarıyla tanınan paris hiltonun annesininde gençliğin de seksi fotoğraflar çektirdiği ortaya çıktı yeni haber,çılgın pozlarıyla tanınan paris hiltonun annesinin de gençliğinde seksi fotoğraflar çektirdiği ortaya çıktı yeni haber
526,pkk cenaze de şov yaptı,pkk cenazede şov yaptı
527,faiz yüz de 1in altına iner,faiz yüzde 1in altına iner
528,konut kredisinde bankalar arasın da kıya sıya mücadele sürüyor .,konut kredisin de bankalar arasında kıya sıya mücadele sürüyor .
529,2006 da oranların yüz de 1in altına düşmesi bekleniyor son,2006da oranların yüzde 1in altına düşmesi bekleniyor son
530,ayvalık da 15 yaşında ki kız hamile kalınca korkunç gerçek ortaya çıktı .,ayvalıkta 15 yaşındaki kız hamile kalınca korkunç gerçek ortaya çıktı .
531,i̇ngiliz ve alman gazeteleri dün akşam ki maçla ilgili terbiyesiz başlıklar attı,i̇ngiliz ve alman gazeteleri dün akşamki maçla ilgili terbiyesiz başlıklar attı
532,masa başın da toplu hücuma geçtiler .,masa başında toplu hücuma geçtiler .
533,lonfat maçtan sonra tünel de polisin kendilerini dövdüğünü öne sürdü son haber,lonfat maçtan sonra tünelde polisin kendilerini dövdüğünü öne sürdü son haber
534,kulüplerede kötü haber !,kulüplere de kötü haber !
535,futbol da başa rasız sonuçlar dan sonra ülke sıralamasın da 11 puan geri dedik .,futbolda başa rasız sonuçlar dan sonra ülke sıralamasında 11 puan geri dedik .
536,artık şampiyonlar ligin de ön eleme var ...,artık şampiyonlar liginde ön eleme var ...
537,hollândam da ilginç başörtüsü davası,hollândamda ilginç başörtüsü davası
538,fransa da şiddet bitmiyor !,fransada şiddet bitmiyor !
539,"13 yaşında ki kız , düğünden sonra evden kaçtı !","13 yaşındaki kız , düğünden sonra evden kaçtı !"
540,van da demiryoluna pkk bombası !,vanda demiryoluna pkk bombası !
541,amasya da kanlı soygun !,amasyada kanlı soygun !
542,trafik kazasın da 5 kişilik aile yok oldu !,trafik kazasında 5 kişilik aile yok oldu !
543,"i̇ki hakemde türkiyeye kıymıştır , yazık etmiştir","i̇ki hakem de türkiyeye kıymıştır , yazık etmiştir"
544,arınçın annesi seviye hanımın başın da türban yok ...,arınçın annesi seviye hanımın başında türban yok ...
545,çılgın kızlar sinema da !,çılgın kızlar sinemada !
546,birbirinden güzel filmler vizyon da ...,birbirinden güzel filmler vizyonda ...
547,"başbakan abdullah gül , hükümet programını tam 1 saat 18 dakika da okudu .","başbakan abdullah gül , hükümet programını tam 1 saat 18 dakikada okudu ."
548,"nijerya da yapılacak güzellik yarışması , yüzü aşkın kişinin ölümüne neden olaylar yüzünden iptal edildi .","nijeryada yapılacak güzellik yarışması , yüzü aşkın kişinin ölümüne neden olaylar yüzünden iptal edildi ."
549,yarışmanın londra da yapılması kararlaştırıldı,yarışmanın londrada yapılması kararlaştırıldı
550,"fenerbahçe , kocaelispor karşısın da , washington ve orteganın ayağından iki gol buldu .","fenerbahçe , kocaelispor karşısında , washington ve orteganın ayağından iki gol buldu ."
551,bahar havası geri de kaldı .,bahar havası geride kaldı .
552,üstelik dijital kalite de ...,üstelik dijital kalitede ...
553,kelsimin başı dert de !,kelsimin başı dertte !
554,toplam 20 bin erkek üzerin de yapılan araştırmalar da evliliğin erkeğin ömrünü uzattığı anlaşıldı,toplam 20 bin erkek üzerinde yapılan araştırmalarda evliliğin erkeğin ömrünü uzattığı anlaşıldı
555,i̇kinci el piyasasın da son durum ...,i̇kinci el piyasasında son durum ...
556,beyanname üzerinden hesaplanan vergi üç eşit taksit de ödenecek .,beyanname üzerinden hesaplanan vergi üç eşit taksitte ödenecek .
557,kamyonetin direksiyonun da 11 yaşın da bir çocuk .,kamyonetin direksiyonunda 11 yaşında bir çocuk .
558,türkiye de illere göre kişi başına düşen gayri safi hasıla bugün açıklandı .,türkiyede illere göre kişi başına düşen gayri safi hasıla bugün açıklandı .
559,şubat ayın da yapılacak nema ödemesi bu kez yüzleri güldürecek .,şubat ayında yapılacak nema ödemesi bu kez yüzleri güldürecek .
560,bu sene ki ödeme geçtiğimiz yılı dörde katlayacak .,bu seneki ödeme geçtiğimiz yılı dörde katlayacak .
561,ora da neler olmadı !,orada neler olmadı !
562,bbgciler ilgazıda karıştırdı .,bbgciler ilgazı da karıştırdı .
563,ora da neler oluyor ?,orada neler oluyor ?
564,bütün okulun izlediği duruşma da 8 yıl hapise çarptırıldı,bütün okulun izlediği duruşmada 8 yıl hapise çarptırıldı
565,"bolu da eczane , ispartada hastane yatağı bol ...","boluda eczane , ispartada hastane yatağı bol ..."
566,hamile kadının karnında ki bebeği tekmeler sonucu öldü,hamile kadının karnındaki bebeği tekmeler sonucu öldü
567,"dadı dizisiyle oyunculuğa adım atan sinem kobal , oyunculuk da kendini fazla yetenekli bulmadığını söyledi ...","dadı dizisiyle oyunculuğa adım atan sinem kobal , oyunculukta kendini fazla yetenekli bulmadığını söyledi ..."
568,hava sıcaklıkların da ise ani düşüş var ...,hava sıcaklıklarında ise ani düşüş var ...
569,konyasporu ağırlayan denizlispor rakibini 3 2 yenerek puan sıralamasın da 3. sıraya yerleşti .,konyasporu ağırlayan denizlispor rakibini 3 2 yenerek puan sıralamasında 3. sıraya yerleşti .
570,süper lig de ve avrupa da günün diğer sonuçları şöyle ...,süper ligde ve avrupada günün diğer sonuçları şöyle ...
571,200 dil de milyonlarca sözcüğün anlamını öğrenmek çok kolay !,200 dilde milyonlarca sözcüğün anlamını öğrenmek çok kolay !
572,güneydoğu asya dışın da kuş gribinden ilk ölüm vakaları türkiye de görüldü .,güneydoğu asya dışında kuş gribinden ilk ölüm vakaları türkiyede görüldü .
573,mehmet ali koçyiğitten sonra kardeşi fatmada yaşamını yitirdi son haber,mehmet ali koçyiğitten sonra kardeşi fatma da yaşamını yitirdi son haber
574,"çetin , karzaininde hikmet abisi son","çetin , karzainin de hikmet abisi son"
575,şaron ölümle yaşam arasın da !,şaron ölümle yaşam arasında !
576,sağlık bakanı recep akdağ evler de öncelikli olarak alınması gereken önlemleri açıkladı .,sağlık bakanı recep akdağ evlerde öncelikli olarak alınması gereken önlemleri açıkladı .
577,"lindsay , tiraj yarışın da !","lindsay , tiraj yarışında !"
578,"kuş gribinin türkiye de can aldığının kesin çeşmesi , dünya kamuoyunun dikkatini türkiyeye çevirdi .","kuş gribinin türkiyede can aldığının kesin çeşmesi , dünya kamuoyunun dikkatini türkiyeye çevirdi ."
579,galatasaray üniversitesi öğrencisi be gümü öldüren maganda kur tununun arkasın da kıskanç bir aşık çıktı son,galatasaray üniversitesi öğrencisi be gümü öldüren maganda kur tununun arkasında kıskanç bir aşık çıktı son
580,durgun geçen ara transfer dönemin de vestel manisaspor bugün zelenkayı renklerine bağladı son haber,durgun geçen ara transfer döneminde vestel manisaspor bugün zelenkayı renklerine bağladı son haber
581,ronaldinhonun reklam filmin de çekilen bu görüntüleri dünyayı şok etti .,ronaldinhonun reklam filminde çekilen bu görüntüleri dünyayı şok etti .
582,kurbanlık fiyatları geçen seneyle aynı seviye de,kurbanlık fiyatları geçen seneyle aynı seviyede
583,irakta seçim sonuçları 4 gün için de açıklanıyor,irakta seçim sonuçları 4 gün içinde açıklanıyor
584,rektör aşkın görevinin başın da ...,rektör aşkın görevinin başında ...
585,van da 200 kanatlı hayvan itlaf edildi,vanda 200 kanatlı hayvan itlaf edildi
586,erzurum da ülkücüler birbirine girdi,erzurumda ülkücüler birbirine girdi
587,fener de kilolular ve küfür edenler yandı !,fenerde kilolular ve küfür edenler yandı !
588,alman ligin de yabancı oyuncu sınırı kalktı,alman liginde yabancı oyuncu sınırı kalktı
589,yat limakın da patlama !,yat limakında patlama !
590,antalya yat limakın da bir patlama meydana geldi .,antalya yat limakında bir patlama meydana geldi .
591,i̇şkencede yapılmış !,i̇şkence de yapılmış !
592,"acımasız katil , 16 yaşında ki kıza bıçakla işkencede yapmış ...","acımasız katil , 16 yaşındaki kıza bıçakla işkence de yapmış ..."
593,burnuna estetik yaptırmak isteyen i̇hracat müdürü genç kadının kalbi ameliyat masasın da durdu,burnuna estetik yaptırmak isteyen i̇hracat müdürü genç kadının kalbi ameliyat masasında durdu
594,bonservisi elin de olan i̇lhana teklif yağıyor son haber,bonservisi elinde olan i̇lhana teklif yağıyor son haber
595,gelde inan .,gel de inan .
596,halk arasında ki ilginç inanışlar geçerliliğini günümüz dede sürdürüyor .,halk arasındaki ilginç inanışlar geçerliliğini günümüzde de sürdürüyor .
597,gelenlerde olabilir gidenlerde !,gelenler de olabilir gidenler de !
598,bankacılık hala yüksek risk ortamın da,bankacılık hala yüksek risk ortamında
599,"turizmde ki artış , cari açığı daraltacak","turizmdeki artış , cari açığı daraltacak"
600,bat sigaralarıda zamlandı !,bat sigaraları da zamlandı !
601,necef de sadr güçleri büyük direniş gösteriyor,necefte sadr güçleri büyük direniş gösteriyor
602,gol yesekde yola devam,gol yesek de yola devam
603,erken biten rock coke de para iadesi ...,erken biten rock cokede para iadesi ...
604,del bosque kadro da revizyona gidiyor ...,del bosque kadroda revizyona gidiyor ...
605,yavuz adın da bir oğlum yok,yavuz adında bir oğlum yok
606,nadir elmaslarla kaplı dünyanın en pahalı bikinisi sokak da tanıtıldı,nadir elmaslarla kaplı dünyanın en pahalı bikinisi sokakta tanıtıldı
607,arkadaşlarıyla birlik de eğlenen güzel şarkıcının yine durgun olduğu gözlerden kaçmadı .,arkadaşlarıyla birlikte eğlenen güzel şarkıcının yine durgun olduğu gözlerden kaçmadı .
608,sahne de program yapan ...,sahnede program yapan ...
609,"erdoğan , alınan kararın bundan önce ki açıklamalarla çelişmediğinide savundu .","erdoğan , alınan kararın bundan önceki açıklamalarla çelişmediğini de savundu ."
610,bayram da çalışanlar uzun bir tatil yapacak .,bayramda çalışanlar uzun bir tatil yapacak .
611,"bisikletleri ile türkiyeye gelen iki alman kadın , 20 gün önce esrarengiz şekil de ortadan kaybol","bisikletleri ile türkiyeye gelen iki alman kadın , 20 gün önce esrarengiz şekilde ortadan kaybol"
612,"yasak , kürtaj yasağına giden yol da ilk adım olarak yorumlanıyor ...","yasak , kürtaj yasağına giden yolda ilk adım olarak yorumlanıyor ..."
613,"ab , türkçe alfabe de o , o , o harflerinin bulunmamasını eleştirilmişti .","ab , türkçe alfabede o , o , o harflerinin bulunmamasını eleştirilmişti ."
614,hollândam da yaşayan türkerde türkçe harfler için başvuru da bulundu !,hollândamda yaşayan türker de türkçe harfler için başvuruda bulundu !
615,kadro da i̇ngiltere maçından farklı olarak sakatlığı süren sergenin yerine tümer var ...,kadroda i̇ngiltere maçından farklı olarak sakatlığı süren sergenin yerine tümer var ...
616,kıbrıs da rum tezinin etkisin de kalıyor,kıbrısta rum tezinin etkisinde kalıyor
617,tunceli de bir garip teşhir,tuncelide bir garip teşhir
618,"bingöl de çatışma , 5 pkkyı öldürüldü son","bingölde çatışma , 5 pkkyı öldürüldü son"
619,tenetlerimi kullandım deyince iki ülke arasın da kriz çıktı son,tenetlerimi kullandım deyince iki ülke arasında kriz çıktı son
620,yurdum i̇nsa anın da bu haf ta,yurdum i̇nsa anında bu haf ta
621,konfederasyon kupasın da dünya yeni bir zıplayan jimmy ile ta,konfederasyon kupasında dünya yeni bir zıplayan jimmy ile ta
622,yarın önünde ki şov foto galeri,yarın önündeki şov foto galeri
623,"trabzonspor , şampiyonlar ligi ikinci ön elemesin de dinamo minsk ve anorthosis maçının galibiyle oynayacak ...","trabzonspor , şampiyonlar ligi ikinci ön elemesinde dinamo minsk ve anorthosis maçının galibiyle oynayacak ..."
624,borsa haftayı 27 bin puanın üzerin de tamamladı,borsa haftayı 27 bin puanın üzerinde tamamladı
625,benzine yirmi gün de üçüncü zam geldi,benzine yirmi günde üçüncü zam geldi
626,fuhuş da yakalananlara i̇nternetten teşhir,fuhuşta yakalananlara i̇nternetten teşhir
627,festivale seyyar tuvalet için de gitmek istediler ama ...,festivale seyyar tuvalet içinde gitmek istediler ama ...
628,hangi ülke de en çok hangi soyadları kullanılıyor ?,hangi ülkede en çok hangi soyadları kullanılıyor ?
629,akp iktidarın da ilk ve en 100ler ...,akp iktidarında ilk ve en 100ler ...
630,nüfus cüzdanına göre 10 yaşın da olan kapkaççı,nüfus cüzdanına göre 10 yaşında olan kapkaççı
631,çevre ödülün de şaşırtan tercih,çevre ödülünde şaşırtan tercih
632,her 2 saniye de bir ürün satıyor,her 2 saniyede bir ürün satıyor
633,müzeyyen senar bir hafta yatmak zorun da,müzeyyen senar bir hafta yatmak zorunda
634,fenerbahçeye marcelinho da yeni umut,fenerbahçeye marcelinhoda yeni umut